Attack Type,date,Amount
Armed Assault,1997/1/1,58
Armed Assault,1997/2/1,52
Armed Assault,1997/3/1,44
Armed Assault,1997/4/1,65
Armed Assault,1997/5/1,51
Armed Assault,1997/6/1,69
Armed Assault,1997/7/1,99
Armed Assault,1997/8/1,90
Armed Assault,1997/9/1,69
Armed Assault,1997/10/1,68
Armed Assault,1997/11/1,65
Armed Assault,1997/12/1,96
Armed Assault,1998/1/1,27
Armed Assault,1998/2/1,20
Armed Assault,1998/3/1,14
Armed Assault,1998/4/1,15
Armed Assault,1998/5/1,10
Armed Assault,1998/6/1,7
Armed Assault,1998/7/1,32
Armed Assault,1998/8/1,48
Armed Assault,1998/9/1,19
Armed Assault,1998/10/1,39
Armed Assault,1998/11/1,25
Armed Assault,1998/12/1,8
Armed Assault,1999/1/1,17
Armed Assault,1999/2/1,11
Armed Assault,1999/3/1,42
Armed Assault,1999/4/1,15
Armed Assault,1999/5/1,23
Armed Assault,1999/6/1,64
Armed Assault,1999/7/1,66
Armed Assault,1999/8/1,26
Armed Assault,1999/9/1,17
Armed Assault,1999/10/1,35
Armed Assault,1999/11/1,40
Armed Assault,1999/12/1,11
Armed Assault,2000/1/1,70
Armed Assault,2000/2/1,28
Armed Assault,2000/3/1,35
Armed Assault,2000/4/1,12
Armed Assault,2000/5/1,24
Armed Assault,2000/6/1,43
Armed Assault,2000/7/1,43
Armed Assault,2000/8/1,25
Armed Assault,2000/9/1,66
Armed Assault,2000/10/1,62
Armed Assault,2000/11/1,51
Armed Assault,2000/12/1,34
Armed Assault,2021/1/1,45
Armed Assault,2021/2/1,39
Armed Assault,2021/3/1,54
Armed Assault,2021/4/1,26
Armed Assault,2021/5/1,26
Armed Assault,2021/6/1,26
Armed Assault,2021/7/1,23
Armed Assault,2021/8/1,159
Armed Assault,2021/9/1,49
Armed Assault,2021/10/1,21
Armed Assault,2021/11/1,59
Armed Assault,2021/12/1,55
Armed Assault,2021/1/2,56
Armed Assault,2021/2/2,50
Armed Assault,2021/3/2,26
Armed Assault,2021/4/2,28
Armed Assault,2021/5/2,36
Armed Assault,2021/6/2,26
Armed Assault,2021/7/2,35
Armed Assault,2021/8/2,42
Armed Assault,2021/9/2,19
Armed Assault,2021/10/2,20
Armed Assault,2021/11/2,16
Armed Assault,2021/12/2,13
Armed Assault,2021/1/3,45
Armed Assault,2021/2/3,40
Armed Assault,2021/3/3,36
Armed Assault,2021/4/3,31
Armed Assault,2021/5/3,36
Armed Assault,2021/6/3,16
Armed Assault,2021/7/3,37
Armed Assault,2021/8/3,3
Armed Assault,2021/9/3,21
Armed Assault,2021/10/3,7
Armed Assault,2021/11/3,28
Armed Assault,2021/12/3,15
Armed Assault,2021/1/4,20
Armed Assault,2021/2/4,9
Armed Assault,2021/3/4,20
Armed Assault,2021/4/4,30
Armed Assault,2021/5/4,28
Armed Assault,2021/6/4,48
Armed Assault,2021/7/4,14
Armed Assault,2021/8/4,14
Armed Assault,2021/9/4,22
Armed Assault,2021/10/4,25
Armed Assault,2021/11/4,11
Armed Assault,2021/12/4,18
Armed Assault,2021/1/5,35
Armed Assault,2021/2/5,12
Armed Assault,2021/3/5,35
Armed Assault,2021/4/5,49
Armed Assault,2021/5/5,48
Armed Assault,2021/6/5,52
Armed Assault,2021/7/5,75
Armed Assault,2021/8/5,80
Armed Assault,2021/9/5,34
Armed Assault,2021/10/5,49
Armed Assault,2021/11/5,13
Armed Assault,2021/12/5,30
Armed Assault,2021/1/6,69
Armed Assault,2021/2/6,133
Armed Assault,2021/3/6,24
Armed Assault,2021/4/6,121
Armed Assault,2021/5/6,70
Armed Assault,2021/6/6,32
Armed Assault,2021/7/6,72
Armed Assault,2021/8/6,62
Armed Assault,2021/9/6,32
Armed Assault,2021/10/6,52
Armed Assault,2021/11/6,46
Armed Assault,2021/12/6,26
Armed Assault,2021/1/7,43
Armed Assault,2021/2/7,78
Armed Assault,2021/3/7,67
Armed Assault,2021/4/7,69
Armed Assault,2021/5/7,31
Armed Assault,2021/6/7,154
Armed Assault,2021/7/7,34
Armed Assault,2021/8/7,68
Armed Assault,2021/9/7,24
Armed Assault,2021/10/7,71
Armed Assault,2021/11/7,170
Armed Assault,2021/12/7,40
Armed Assault,2021/1/8,72
Armed Assault,2021/2/8,24
Armed Assault,2021/3/8,45
Armed Assault,2021/4/8,115
Armed Assault,2021/5/8,112
Armed Assault,2021/6/8,122
Armed Assault,2021/7/8,147
Armed Assault,2021/8/8,100
Armed Assault,2021/9/8,61
Armed Assault,2021/10/8,87
Armed Assault,2021/11/8,85
Armed Assault,2021/12/8,123
Armed Assault,2021/1/9,100
Armed Assault,2021/2/9,70
Armed Assault,2021/3/9,106
Armed Assault,2021/4/9,103
Armed Assault,2021/5/9,93
Armed Assault,2021/6/9,94
Armed Assault,2021/7/9,106
Armed Assault,2021/8/9,98
Armed Assault,2021/9/9,89
Armed Assault,2021/10/9,106
Armed Assault,2021/11/9,95
Armed Assault,2021/12/9,55
Armed Assault,2021/1/10,69
Armed Assault,2021/2/10,115
Armed Assault,2021/3/10,74
Armed Assault,2021/4/10,43
Armed Assault,2021/5/10,107
Armed Assault,2021/6/10,78
Armed Assault,2021/7/10,94
Armed Assault,2021/8/10,96
Armed Assault,2021/9/10,137
Armed Assault,2021/10/10,108
Armed Assault,2021/11/10,102
Armed Assault,2021/1/11,106
Armed Assault,2021/2/11,105
Armed Assault,2021/3/11,153
Armed Assault,2021/4/11,128
Armed Assault,2021/5/11,130
Armed Assault,2021/6/11,118
Armed Assault,2021/7/11,120
Armed Assault,2021/8/11,84
Armed Assault,2021/9/11,108
Armed Assault,2021/10/11,131
Armed Assault,2021/11/11,140
Armed Assault,2021/12/11,72
Armed Assault,2021/1/12,184
Armed Assault,2021/2/12,128
Armed Assault,2021/3/12,154
Armed Assault,2021/4/12,163
Armed Assault,2021/5/12,187
Armed Assault,2021/6/12,183
Armed Assault,2021/7/12,182
Armed Assault,2021/8/12,243
Armed Assault,2021/9/12,144
Armed Assault,2021/10/12,207
Armed Assault,2021/11/12,135
Armed Assault,2021/12/12,175
Armed Assault,2021/1/13,187
Armed Assault,2021/2/13,169
Armed Assault,2021/3/13,225
Armed Assault,2021/4/13,226
Armed Assault,2021/5/13,244
Armed Assault,2021/6/13,212
Armed Assault,2021/7/13,331
Armed Assault,2021/8/13,277
Armed Assault,2021/9/13,249
Armed Assault,2021/10/13,247
Armed Assault,2021/11/13,307
Armed Assault,2021/12/13,288
Armed Assault,2021/1/14,354
Armed Assault,2021/2/14,340
Armed Assault,2021/3/14,363
Armed Assault,2021/4/14,330
Armed Assault,2021/5/14,416
Armed Assault,2021/6/14,384
Armed Assault,2021/7/14,444
Armed Assault,2021/8/14,322
Armed Assault,2021/9/14,297
Armed Assault,2021/10/14,301
Armed Assault,2021/11/14,260
Armed Assault,2021/12/14,260
Armed Assault,2021/1/15,286
Armed Assault,2021/2/15,254
Armed Assault,2021/3/15,256
Armed Assault,2021/4/15,304
Armed Assault,2021/5/15,328
Armed Assault,2021/6/15,258
Armed Assault,2021/7/15,302
Armed Assault,2021/8/15,281
Armed Assault,2021/9/15,286
Armed Assault,2021/10/15,304
Armed Assault,2021/11/15,288
Armed Assault,2021/12/15,221
Armed Assault,2021/1/16,236
Armed Assault,2021/2/16,242
Armed Assault,2021/3/16,269
Armed Assault,2021/4/16,204
Armed Assault,2021/5/16,226
Armed Assault,2021/6/16,268
Armed Assault,2021/7/16,231
Armed Assault,2021/8/16,246
Armed Assault,2021/9/16,182
Armed Assault,2021/10/16,247
Armed Assault,2021/11/16,203
Armed Assault,2021/12/16,179
Armed Assault,2021/1/17,215
Armed Assault,2021/2/17,160
Armed Assault,2021/3/17,194
Armed Assault,2021/4/17,198
Armed Assault,2021/5/17,212
Armed Assault,2021/6/17,237
Armed Assault,2021/7/17,215
Armed Assault,2021/8/17,214
Armed Assault,2021/9/17,161
Armed Assault,2021/10/17,206
Armed Assault,2021/11/17,182
Armed Assault,2021/12/17,171
Assassination,1997/1/1,22
Assassination,1997/2/1,36
Assassination,1997/3/1,26
Assassination,1997/4/1,29
Assassination,1997/5/1,22
Assassination,1997/6/1,78
Assassination,1997/7/1,37
Assassination,1997/8/1,51
Assassination,1997/9/1,24
Assassination,1997/10/1,32
Assassination,1997/11/1,36
Assassination,1997/12/1,27
Assassination,1998/1/1,1
Assassination,1998/2/1,2
Assassination,1998/4/1,1
Assassination,1998/5/1,5
Assassination,1998/7/1,3
Assassination,1998/8/1,1
Assassination,1998/9/1,4
Assassination,1998/10/1,4
Assassination,1998/11/1,2
Assassination,1998/12/1,1
Assassination,1999/1/1,4
Assassination,1999/2/1,1
Assassination,1999/3/1,4
Assassination,1999/4/1,9
Assassination,1999/5/1,7
Assassination,1999/6/1,6
Assassination,1999/7/1,3
Assassination,1999/9/1,7
Assassination,1999/10/1,7
Assassination,1999/11/1,11
Assassination,1999/12/1,2
Assassination,2000/1/1,6
Assassination,2000/2/1,5
Assassination,2000/3/1,7
Assassination,2000/4/1,6
Assassination,2000/5/1,14
Assassination,2000/6/1,12
Assassination,2000/7/1,11
Assassination,2000/8/1,4
Assassination,2000/9/1,9
Assassination,2000/10/1,9
Assassination,2000/11/1,11
Assassination,2000/12/1,9
Assassination,2021/1/1,11
Assassination,2021/2/1,15
Assassination,2021/3/1,11
Assassination,2021/4/1,8
Assassination,2021/5/1,7
Assassination,2021/6/1,7
Assassination,2021/7/1,7
Assassination,2021/8/1,28
Assassination,2021/9/1,10
Assassination,2021/10/1,7
Assassination,2021/11/1,8
Assassination,2021/12/1,8
Assassination,2021/1/2,7
Assassination,2021/2/2,4
Assassination,2021/3/2,5
Assassination,2021/4/2,3
Assassination,2021/5/2,8
Assassination,2021/6/2,11
Assassination,2021/7/2,5
Assassination,2021/8/2,7
Assassination,2021/9/2,9
Assassination,2021/10/2,6
Assassination,2021/11/2,3
Assassination,2021/12/2,5
Assassination,2021/1/3,34
Assassination,2021/2/3,11
Assassination,2021/3/3,2
Assassination,2021/4/3,3
Assassination,2021/5/3,4
Assassination,2021/6/3,6
Assassination,2021/7/3,7
Assassination,2021/8/3,3
Assassination,2021/9/3,1
Assassination,2021/10/3,6
Assassination,2021/11/3,5
Assassination,2021/12/3,6
Assassination,2021/1/4,4
Assassination,2021/2/4,2
Assassination,2021/3/4,18
Assassination,2021/4/4,6
Assassination,2021/5/4,5
Assassination,2021/6/4,5
Assassination,2021/7/4,23
Assassination,2021/8/4,10
Assassination,2021/9/4,7
Assassination,2021/10/4,10
Assassination,2021/11/4,12
Assassination,2021/12/4,2
Assassination,2021/1/5,21
Assassination,2021/2/5,6
Assassination,2021/3/5,32
Assassination,2021/4/5,28
Assassination,2021/5/5,36
Assassination,2021/6/5,8
Assassination,2021/7/5,23
Assassination,2021/8/5,33
Assassination,2021/9/5,8
Assassination,2021/10/5,20
Assassination,2021/11/5,4
Assassination,2021/12/5,6
Assassination,2021/1/6,37
Assassination,2021/2/6,6
Assassination,2021/3/6,4
Assassination,2021/4/6,26
Assassination,2021/5/6,7
Assassination,2021/6/6,2
Assassination,2021/7/6,10
Assassination,2021/8/6,9
Assassination,2021/9/6,8
Assassination,2021/10/6,10
Assassination,2021/11/6,19
Assassination,2021/12/6,2
Assassination,2021/1/7,3
Assassination,2021/2/7,2
Assassination,2021/3/7,7
Assassination,2021/4/7,9
Assassination,2021/5/7,9
Assassination,2021/6/7,27
Assassination,2021/7/7,22
Assassination,2021/8/7,7
Assassination,2021/9/7,12
Assassination,2021/10/7,10
Assassination,2021/11/7,24
Assassination,2021/12/7,8
Assassination,2021/1/8,10
Assassination,2021/2/8,11
Assassination,2021/3/8,14
Assassination,2021/4/8,35
Assassination,2021/5/8,28
Assassination,2021/6/8,23
Assassination,2021/7/8,16
Assassination,2021/8/8,10
Assassination,2021/9/8,7
Assassination,2021/10/8,11
Assassination,2021/11/8,42
Assassination,2021/12/8,12
Assassination,2021/1/9,26
Assassination,2021/2/9,5
Assassination,2021/3/9,4
Assassination,2021/4/9,29
Assassination,2021/5/9,11
Assassination,2021/6/9,23
Assassination,2021/7/9,30
Assassination,2021/8/9,20
Assassination,2021/9/9,23
Assassination,2021/10/9,17
Assassination,2021/11/9,22
Assassination,2021/12/9,18
Assassination,2021/1/10,19
Assassination,2021/2/10,27
Assassination,2021/3/10,18
Assassination,2021/4/10,29
Assassination,2021/5/10,28
Assassination,2021/6/10,29
Assassination,2021/7/10,38
Assassination,2021/8/10,45
Assassination,2021/9/10,34
Assassination,2021/10/10,28
Assassination,2021/11/10,37
Assassination,2021/12/10,28
Assassination,2021/1/11,39
Assassination,2021/2/11,28
Assassination,2021/3/11,25
Assassination,2021/4/11,30
Assassination,2021/5/11,33
Assassination,2021/6/11,37
Assassination,2021/7/11,24
Assassination,2021/8/11,19
Assassination,2021/9/11,26
Assassination,2021/10/11,26
Assassination,2021/11/11,33
Assassination,2021/12/11,22
Assassination,2021/1/12,35
Assassination,2021/2/12,34
Assassination,2021/3/12,36
Assassination,2021/4/12,39
Assassination,2021/5/12,30
Assassination,2021/6/12,42
Assassination,2021/7/12,58
Assassination,2021/8/12,47
Assassination,2021/9/12,43
Assassination,2021/10/12,23
Assassination,2021/11/12,52
Assassination,2021/12/12,22
Assassination,2021/1/13,65
Assassination,2021/2/13,40
Assassination,2021/3/13,42
Assassination,2021/4/13,88
Assassination,2021/5/13,96
Assassination,2021/6/13,64
Assassination,2021/7/13,55
Assassination,2021/8/13,75
Assassination,2021/9/13,86
Assassination,2021/10/13,75
Assassination,2021/11/13,78
Assassination,2021/12/13,89
Assassination,2021/1/14,90
Assassination,2021/2/14,89
Assassination,2021/3/14,111
Assassination,2021/4/14,89
Assassination,2021/5/14,89
Assassination,2021/6/14,66
Assassination,2021/7/14,77
Assassination,2021/8/14,72
Assassination,2021/9/14,58
Assassination,2021/10/14,71
Assassination,2021/11/14,50
Assassination,2021/12/14,58
Assassination,2021/1/15,114
Assassination,2021/2/15,79
Assassination,2021/3/15,80
Assassination,2021/4/15,73
Assassination,2021/5/15,107
Assassination,2021/6/15,101
Assassination,2021/7/15,73
Assassination,2021/8/15,90
Assassination,2021/9/15,33
Assassination,2021/10/15,75
Assassination,2021/11/15,43
Assassination,2021/12/15,59
Assassination,2021/1/16,50
Assassination,2021/2/16,65
Assassination,2021/3/16,59
Assassination,2021/4/16,75
Assassination,2021/5/16,79
Assassination,2021/6/16,80
Assassination,2021/7/16,71
Assassination,2021/8/16,70
Assassination,2021/9/16,55
Assassination,2021/10/16,68
Assassination,2021/11/16,74
Assassination,2021/12/16,75
Assassination,2021/1/17,54
Assassination,2021/2/17,70
Assassination,2021/3/17,76
Assassination,2021/4/17,46
Assassination,2021/5/17,78
Assassination,2021/6/17,81
Assassination,2021/7/17,64
Assassination,2021/8/17,56
Assassination,2021/9/17,74
Assassination,2021/10/17,68
Assassination,2021/11/17,78
Assassination,2021/12/17,71
Bombing/Explosion,1997/1/1,111
Bombing/Explosion,1997/2/1,127
Bombing/Explosion,1997/3/1,101
Bombing/Explosion,1997/4/1,91
Bombing/Explosion,1997/5/1,63
Bombing/Explosion,1997/6/1,91
Bombing/Explosion,1997/7/1,120
Bombing/Explosion,1997/8/1,93
Bombing/Explosion,1997/9/1,97
Bombing/Explosion,1997/10/1,98
Bombing/Explosion,1997/11/1,60
Bombing/Explosion,1997/12/1,71
Bombing/Explosion,1998/1/1,45
Bombing/Explosion,1998/2/1,62
Bombing/Explosion,1998/3/1,42
Bombing/Explosion,1998/4/1,38
Bombing/Explosion,1998/5/1,32
Bombing/Explosion,1998/6/1,29
Bombing/Explosion,1998/7/1,47
Bombing/Explosion,1998/8/1,57
Bombing/Explosion,1998/9/1,28
Bombing/Explosion,1998/10/1,56
Bombing/Explosion,1998/11/1,49
Bombing/Explosion,1998/12/1,19
Bombing/Explosion,1999/1/1,29
Bombing/Explosion,1999/2/1,32
Bombing/Explosion,1999/3/1,107
Bombing/Explosion,1999/4/1,48
Bombing/Explosion,1999/5/1,44
Bombing/Explosion,1999/6/1,69
Bombing/Explosion,1999/7/1,55
Bombing/Explosion,1999/8/1,64
Bombing/Explosion,1999/9/1,38
Bombing/Explosion,1999/10/1,66
Bombing/Explosion,1999/11/1,61
Bombing/Explosion,1999/12/1,39
Bombing/Explosion,2000/1/1,81
Bombing/Explosion,2000/2/1,57
Bombing/Explosion,2000/3/1,39
Bombing/Explosion,2000/4/1,62
Bombing/Explosion,2000/5/1,70
Bombing/Explosion,2000/6/1,78
Bombing/Explosion,2000/7/1,70
Bombing/Explosion,2000/8/1,74
Bombing/Explosion,2000/9/1,112
Bombing/Explosion,2000/10/1,76
Bombing/Explosion,2000/11/1,89
Bombing/Explosion,2000/12/1,96
Bombing/Explosion,2021/1/1,77
Bombing/Explosion,2021/2/1,57
Bombing/Explosion,2021/3/1,75
Bombing/Explosion,2021/4/1,63
Bombing/Explosion,2021/5/1,50
Bombing/Explosion,2021/6/1,33
Bombing/Explosion,2021/7/1,32
Bombing/Explosion,2021/8/1,225
Bombing/Explosion,2021/9/1,53
Bombing/Explosion,2021/10/1,39
Bombing/Explosion,2021/11/1,47
Bombing/Explosion,2021/12/1,49
Bombing/Explosion,2021/1/2,74
Bombing/Explosion,2021/2/2,70
Bombing/Explosion,2021/3/2,42
Bombing/Explosion,2021/4/2,54
Bombing/Explosion,2021/5/2,108
Bombing/Explosion,2021/6/2,51
Bombing/Explosion,2021/7/2,48
Bombing/Explosion,2021/8/2,75
Bombing/Explosion,2021/9/2,30
Bombing/Explosion,2021/10/2,61
Bombing/Explosion,2021/11/2,72
Bombing/Explosion,2021/12/2,35
Bombing/Explosion,2021/1/3,91
Bombing/Explosion,2021/2/3,52
Bombing/Explosion,2021/3/3,120
Bombing/Explosion,2021/4/3,36
Bombing/Explosion,2021/5/3,95
Bombing/Explosion,2021/6/3,23
Bombing/Explosion,2021/7/3,61
Bombing/Explosion,2021/8/3,27
Bombing/Explosion,2021/9/3,43
Bombing/Explosion,2021/10/3,38
Bombing/Explosion,2021/11/3,53
Bombing/Explosion,2021/12/3,50
Bombing/Explosion,2021/1/4,51
Bombing/Explosion,2021/2/4,29
Bombing/Explosion,2021/3/4,37
Bombing/Explosion,2021/4/4,40
Bombing/Explosion,2021/5/4,49
Bombing/Explosion,2021/6/4,85
Bombing/Explosion,2021/7/4,60
Bombing/Explosion,2021/8/4,81
Bombing/Explosion,2021/9/4,55
Bombing/Explosion,2021/10/4,73
Bombing/Explosion,2021/11/4,45
Bombing/Explosion,2021/12/4,54
Bombing/Explosion,2021/1/5,98
Bombing/Explosion,2021/2/5,42
Bombing/Explosion,2021/3/5,114
Bombing/Explosion,2021/4/5,108
Bombing/Explosion,2021/5/5,123
Bombing/Explosion,2021/6/5,67
Bombing/Explosion,2021/7/5,149
Bombing/Explosion,2021/8/5,124
Bombing/Explosion,2021/9/5,66
Bombing/Explosion,2021/10/5,62
Bombing/Explosion,2021/11/5,54
Bombing/Explosion,2021/12/5,57
Bombing/Explosion,2021/1/6,124
Bombing/Explosion,2021/2/6,247
Bombing/Explosion,2021/3/6,73
Bombing/Explosion,2021/4/6,182
Bombing/Explosion,2021/5/6,109
Bombing/Explosion,2021/6/6,70
Bombing/Explosion,2021/7/6,163
Bombing/Explosion,2021/8/6,149
Bombing/Explosion,2021/9/6,100
Bombing/Explosion,2021/10/6,107
Bombing/Explosion,2021/11/6,80
Bombing/Explosion,2021/12/6,102
Bombing/Explosion,2021/1/7,109
Bombing/Explosion,2021/2/7,135
Bombing/Explosion,2021/3/7,118
Bombing/Explosion,2021/4/7,113
Bombing/Explosion,2021/5/7,107
Bombing/Explosion,2021/6/7,324
Bombing/Explosion,2021/7/7,142
Bombing/Explosion,2021/8/7,105
Bombing/Explosion,2021/9/7,112
Bombing/Explosion,2021/10/7,227
Bombing/Explosion,2021/11/7,261
Bombing/Explosion,2021/12/7,113
Bombing/Explosion,2021/1/8,197
Bombing/Explosion,2021/2/8,95
Bombing/Explosion,2021/3/8,230
Bombing/Explosion,2021/4/8,264
Bombing/Explosion,2021/5/8,256
Bombing/Explosion,2021/6/8,261
Bombing/Explosion,2021/7/8,307
Bombing/Explosion,2021/8/8,266
Bombing/Explosion,2021/9/8,164
Bombing/Explosion,2021/10/8,171
Bombing/Explosion,2021/11/8,218
Bombing/Explosion,2021/12/8,233
Bombing/Explosion,2021/1/9,196
Bombing/Explosion,2021/2/9,190
Bombing/Explosion,2021/3/9,228
Bombing/Explosion,2021/4/9,221
Bombing/Explosion,2021/5/9,235
Bombing/Explosion,2021/6/9,229
Bombing/Explosion,2021/7/9,239
Bombing/Explosion,2021/8/9,217
Bombing/Explosion,2021/9/9,180
Bombing/Explosion,2021/10/9,227
Bombing/Explosion,2021/11/9,182
Bombing/Explosion,2021/12/9,224
Bombing/Explosion,2021/1/10,145
Bombing/Explosion,2021/2/10,215
Bombing/Explosion,2021/3/10,197
Bombing/Explosion,2021/4/10,223
Bombing/Explosion,2021/5/10,224
Bombing/Explosion,2021/6/10,203
Bombing/Explosion,2021/7/10,220
Bombing/Explosion,2021/8/10,209
Bombing/Explosion,2021/9/10,251
Bombing/Explosion,2021/10/10,177
Bombing/Explosion,2021/11/10,257
Bombing/Explosion,2021/12/10,189
Bombing/Explosion,2021/1/11,199
Bombing/Explosion,2021/2/11,192
Bombing/Explosion,2021/3/11,218
Bombing/Explosion,2021/4/11,220
Bombing/Explosion,2021/5/11,211
Bombing/Explosion,2021/6/11,177
Bombing/Explosion,2021/7/11,171
Bombing/Explosion,2021/8/11,181
Bombing/Explosion,2021/9/11,152
Bombing/Explosion,2021/10/11,181
Bombing/Explosion,2021/11/11,395
Bombing/Explosion,2021/12/11,293
Bombing/Explosion,2021/1/12,437
Bombing/Explosion,2021/2/12,329
Bombing/Explosion,2021/3/12,384
Bombing/Explosion,2021/4/12,445
Bombing/Explosion,2021/5/12,545
Bombing/Explosion,2021/6/12,462
Bombing/Explosion,2021/7/12,420
Bombing/Explosion,2021/8/12,465
Bombing/Explosion,2021/9/12,382
Bombing/Explosion,2021/10/12,449
Bombing/Explosion,2021/11/12,438
Bombing/Explosion,2021/12/12,327
Bombing/Explosion,2021/1/13,453
Bombing/Explosion,2021/2/13,391
Bombing/Explosion,2021/3/13,428
Bombing/Explosion,2021/4/13,538
Bombing/Explosion,2021/5/13,622
Bombing/Explosion,2021/6/13,468
Bombing/Explosion,2021/7/13,659
Bombing/Explosion,2021/8/13,576
Bombing/Explosion,2021/9/13,509
Bombing/Explosion,2021/10/13,689
Bombing/Explosion,2021/11/13,691
Bombing/Explosion,2021/12/13,661
Bombing/Explosion,2021/1/14,706
Bombing/Explosion,2021/2/14,781
Bombing/Explosion,2021/3/14,844
Bombing/Explosion,2021/4/14,744
Bombing/Explosion,2021/5/14,926
Bombing/Explosion,2021/6/14,672
Bombing/Explosion,2021/7/14,901
Bombing/Explosion,2021/8/14,681
Bombing/Explosion,2021/9/14,610
Bombing/Explosion,2021/10/14,664
Bombing/Explosion,2021/11/14,665
Bombing/Explosion,2021/12/14,605
Bombing/Explosion,2021/1/15,828
Bombing/Explosion,2021/2/15,754
Bombing/Explosion,2021/3/15,644
Bombing/Explosion,2021/4/15,639
Bombing/Explosion,2021/5/15,625
Bombing/Explosion,2021/6/15,592
Bombing/Explosion,2021/7/15,661
Bombing/Explosion,2021/8/15,638
Bombing/Explosion,2021/9/15,517
Bombing/Explosion,2021/10/15,629
Bombing/Explosion,2021/11/15,567
Bombing/Explosion,2021/12/15,568
Bombing/Explosion,2021/1/16,597
Bombing/Explosion,2021/2/16,609
Bombing/Explosion,2021/3/16,582
Bombing/Explosion,2021/4/16,579
Bombing/Explosion,2021/5/16,760
Bombing/Explosion,2021/6/16,563
Bombing/Explosion,2021/7/16,576
Bombing/Explosion,2021/8/16,658
Bombing/Explosion,2021/9/16,604
Bombing/Explosion,2021/10/16,547
Bombing/Explosion,2021/11/16,557
Bombing/Explosion,2021/12/16,476
Bombing/Explosion,2021/1/17,400
Bombing/Explosion,2021/2/17,455
Bombing/Explosion,2021/3/17,441
Bombing/Explosion,2021/4/17,435
Bombing/Explosion,2021/5/17,498
Bombing/Explosion,2021/6/17,485
Bombing/Explosion,2021/7/17,401
Bombing/Explosion,2021/8/17,466
Bombing/Explosion,2021/9/17,393
Bombing/Explosion,2021/10/17,321
Bombing/Explosion,2021/11/17,389
Bombing/Explosion,2021/12/17,340
Facility/Infrastructure Attack,1997/1/1,8
Facility/Infrastructure Attack,1997/1/1,10
Facility/Infrastructure Attack,1997/3/1,8
Facility/Infrastructure Attack,1997/4/1,11
Facility/Infrastructure Attack,1997/5/1,17
Facility/Infrastructure Attack,1997/6/1,6
Facility/Infrastructure Attack,1997/7/1,11
Facility/Infrastructure Attack,1997/8/1,10
Facility/Infrastructure Attack,1997/9/1,3
Facility/Infrastructure Attack,1997/10/1,37
Facility/Infrastructure Attack,1997/11/1,6
Facility/Infrastructure Attack,1997/12/1,10
Facility/Infrastructure Attack,1998/1/1,6
Facility/Infrastructure Attack,1998/2/1,3
Facility/Infrastructure Attack,1998/3/1,3
Facility/Infrastructure Attack,1998/4/1,3
Facility/Infrastructure Attack,1998/5/1,2
Facility/Infrastructure Attack,1998/6/1,3
Facility/Infrastructure Attack,1998/7/1,16
Facility/Infrastructure Attack,1998/8/1,7
Facility/Infrastructure Attack,1998/9/1,6
Facility/Infrastructure Attack,1998/10/1,5
Facility/Infrastructure Attack,1998/11/1,3
Facility/Infrastructure Attack,1998/12/1,1
Facility/Infrastructure Attack,1999/1/1,2
Facility/Infrastructure Attack,1999/2/1,1
Facility/Infrastructure Attack,1999/3/1,12
Facility/Infrastructure Attack,1999/4/1,7
Facility/Infrastructure Attack,1999/5/1,9
Facility/Infrastructure Attack,1999/6/1,10
Facility/Infrastructure Attack,1999/7/1,19
Facility/Infrastructure Attack,1999/8/1,5
Facility/Infrastructure Attack,1999/9/1,5
Facility/Infrastructure Attack,1999/10/1,25
Facility/Infrastructure Attack,1999/11/1,15
Facility/Infrastructure Attack,1999/12/1,4
Facility/Infrastructure Attack,2000/1/1,10
Facility/Infrastructure Attack,2000/2/1,10
Facility/Infrastructure Attack,2000/3/1,6
Facility/Infrastructure Attack,2000/4/1,2
Facility/Infrastructure Attack,2000/5/1,6
Facility/Infrastructure Attack,2000/6/1,6
Facility/Infrastructure Attack,2000/7/1,9
Facility/Infrastructure Attack,2000/8/1,9
Facility/Infrastructure Attack,2000/9/1,15
Facility/Infrastructure Attack,2000/10/1,12
Facility/Infrastructure Attack,2000/11/1,13
Facility/Infrastructure Attack,2000/12/1,13
Facility/Infrastructure Attack,2021/1/1,10
Facility/Infrastructure Attack,2021/2/1,6
Facility/Infrastructure Attack,2021/3/1,7
Facility/Infrastructure Attack,2021/4/1,9
Facility/Infrastructure Attack,2021/5/1,6
Facility/Infrastructure Attack,2021/6/1,3
Facility/Infrastructure Attack,2021/7/1,2
Facility/Infrastructure Attack,2021/8/1,85
Facility/Infrastructure Attack,2021/9/1,11
Facility/Infrastructure Attack,2021/10/1,2
Facility/Infrastructure Attack,2021/11/1,3
Facility/Infrastructure Attack,2021/12/1,4
Facility/Infrastructure Attack,2021/1/2,4
Facility/Infrastructure Attack,2021/2/2,4
Facility/Infrastructure Attack,2021/3/2,1
Facility/Infrastructure Attack,2021/4/2,4
Facility/Infrastructure Attack,2021/5/2,13
Facility/Infrastructure Attack,2021/6/2,4
Facility/Infrastructure Attack,2021/7/2,1
Facility/Infrastructure Attack,2021/8/2,3
Facility/Infrastructure Attack,2021/9/2,3
Facility/Infrastructure Attack,2021/10/2,1
Facility/Infrastructure Attack,2021/11/2,9
Facility/Infrastructure Attack,2021/12/2,2
Facility/Infrastructure Attack,2021/1/3,13
Facility/Infrastructure Attack,2021/2/3,1
Facility/Infrastructure Attack,2021/3/3,28
Facility/Infrastructure Attack,2021/4/3,3
Facility/Infrastructure Attack,2021/5/3,9
Facility/Infrastructure Attack,2021/6/3,4
Facility/Infrastructure Attack,2021/7/3,5
Facility/Infrastructure Attack,2021/8/3,3
Facility/Infrastructure Attack,2021/9/3,7
Facility/Infrastructure Attack,2021/10/3,5
Facility/Infrastructure Attack,2021/11/3,4
Facility/Infrastructure Attack,2021/12/3,6
Facility/Infrastructure Attack,2021/2/4,2
Facility/Infrastructure Attack,2021/3/4,3
Facility/Infrastructure Attack,2021/4/4,6
Facility/Infrastructure Attack,2021/6/4,3
Facility/Infrastructure Attack,2021/7/4,2
Facility/Infrastructure Attack,2021/8/4,3
Facility/Infrastructure Attack,2021/9/4,10
Facility/Infrastructure Attack,2021/12/4,4
Facility/Infrastructure Attack,2021/1/5,8
Facility/Infrastructure Attack,2021/2/5,1
Facility/Infrastructure Attack,2021/3/5,4
Facility/Infrastructure Attack,2021/4/5,11
Facility/Infrastructure Attack,2021/5/5,2
Facility/Infrastructure Attack,2021/6/5,5
Facility/Infrastructure Attack,2021/7/5,8
Facility/Infrastructure Attack,2021/8/5,2
Facility/Infrastructure Attack,2021/9/5,3
Facility/Infrastructure Attack,2021/10/5,1
Facility/Infrastructure Attack,2021/12/5,5
Facility/Infrastructure Attack,2021/1/6,25
Facility/Infrastructure Attack,2021/2/6,13
Facility/Infrastructure Attack,2021/3/6,11
Facility/Infrastructure Attack,2021/4/6,25
Facility/Infrastructure Attack,2021/5/6,6
Facility/Infrastructure Attack,2021/6/6,2
Facility/Infrastructure Attack,2021/7/6,3
Facility/Infrastructure Attack,2021/8/6,4
Facility/Infrastructure Attack,2021/9/6,5
Facility/Infrastructure Attack,2021/10/6,2
Facility/Infrastructure Attack,2021/12/6,11
Facility/Infrastructure Attack,2021/1/7,3
Facility/Infrastructure Attack,2021/2/7,4
Facility/Infrastructure Attack,2021/3/7,10
Facility/Infrastructure Attack,2021/4/7,5
Facility/Infrastructure Attack,2021/5/7,5
Facility/Infrastructure Attack,2021/6/7,34
Facility/Infrastructure Attack,2021/7/7,6
Facility/Infrastructure Attack,2021/8/7,4
Facility/Infrastructure Attack,2021/9/7,4
Facility/Infrastructure Attack,2021/10/7,1
Facility/Infrastructure Attack,2021/11/7,37
Facility/Infrastructure Attack,2021/12/7,2
Facility/Infrastructure Attack,2021/1/8,7
Facility/Infrastructure Attack,2021/2/8,17
Facility/Infrastructure Attack,2021/3/8,11
Facility/Infrastructure Attack,2021/4/8,34
Facility/Infrastructure Attack,2021/5/8,36
Facility/Infrastructure Attack,2021/6/8,39
Facility/Infrastructure Attack,2021/7/8,24
Facility/Infrastructure Attack,2021/8/8,32
Facility/Infrastructure Attack,2021/9/8,25
Facility/Infrastructure Attack,2021/10/8,20
Facility/Infrastructure Attack,2021/11/8,22
Facility/Infrastructure Attack,2021/12/8,18
Facility/Infrastructure Attack,2021/1/9,30
Facility/Infrastructure Attack,2021/2/9,40
Facility/Infrastructure Attack,2021/3/9,35
Facility/Infrastructure Attack,2021/4/9,26
Facility/Infrastructure Attack,2021/5/9,36
Facility/Infrastructure Attack,2021/6/9,47
Facility/Infrastructure Attack,2021/7/9,37
Facility/Infrastructure Attack,2021/8/9,25
Facility/Infrastructure Attack,2021/9/9,14
Facility/Infrastructure Attack,2021/10/9,27
Facility/Infrastructure Attack,2021/11/9,13
Facility/Infrastructure Attack,2021/12/9,18
Facility/Infrastructure Attack,2021/1/10,19
Facility/Infrastructure Attack,2021/2/10,18
Facility/Infrastructure Attack,2021/3/10,38
Facility/Infrastructure Attack,2021/4/10,23
Facility/Infrastructure Attack,2021/5/10,45
Facility/Infrastructure Attack,2021/6/10,27
Facility/Infrastructure Attack,2021/7/10,15
Facility/Infrastructure Attack,2021/8/10,15
Facility/Infrastructure Attack,2021/9/10,38
Facility/Infrastructure Attack,2021/10/10,11
Facility/Infrastructure Attack,2021/11/10,20
Facility/Infrastructure Attack,2021/12/10,24
Facility/Infrastructure Attack,2021/1/11,17
Facility/Infrastructure Attack,2021/2/11,26
Facility/Infrastructure Attack,2021/3/11,18
Facility/Infrastructure Attack,2021/4/11,18
Facility/Infrastructure Attack,2021/5/11,36
Facility/Infrastructure Attack,2021/6/11,17
Facility/Infrastructure Attack,2021/7/11,19
Facility/Infrastructure Attack,2021/8/11,12
Facility/Infrastructure Attack,2021/9/11,11
Facility/Infrastructure Attack,2021/10/11,15
Facility/Infrastructure Attack,2021/11/11,33
Facility/Infrastructure Attack,2021/12/11,20
Facility/Infrastructure Attack,2021/1/12,22
Facility/Infrastructure Attack,2021/2/12,20
Facility/Infrastructure Attack,2021/3/12,28
Facility/Infrastructure Attack,2021/4/12,17
Facility/Infrastructure Attack,2021/5/12,16
Facility/Infrastructure Attack,2021/6/12,35
Facility/Infrastructure Attack,2021/7/12,24
Facility/Infrastructure Attack,2021/8/12,14
Facility/Infrastructure Attack,2021/9/12,50
Facility/Infrastructure Attack,2021/10/12,37
Facility/Infrastructure Attack,2021/11/12,24
Facility/Infrastructure Attack,2021/12/12,18
Facility/Infrastructure Attack,2021/1/13,68
Facility/Infrastructure Attack,2021/2/13,57
Facility/Infrastructure Attack,2021/3/13,48
Facility/Infrastructure Attack,2021/4/13,63
Facility/Infrastructure Attack,2021/5/13,48
Facility/Infrastructure Attack,2021/6/13,33
Facility/Infrastructure Attack,2021/7/13,31
Facility/Infrastructure Attack,2021/8/13,40
Facility/Infrastructure Attack,2021/9/13,30
Facility/Infrastructure Attack,2021/10/13,44
Facility/Infrastructure Attack,2021/11/13,43
Facility/Infrastructure Attack,2021/12/13,59
Facility/Infrastructure Attack,2021/1/14,86
Facility/Infrastructure Attack,2021/2/14,54
Facility/Infrastructure Attack,2021/3/14,49
Facility/Infrastructure Attack,2021/4/14,103
Facility/Infrastructure Attack,2021/5/14,53
Facility/Infrastructure Attack,2021/6/14,81
Facility/Infrastructure Attack,2021/7/14,50
Facility/Infrastructure Attack,2021/8/14,55
Facility/Infrastructure Attack,2021/9/14,80
Facility/Infrastructure Attack,2021/10/14,58
Facility/Infrastructure Attack,2021/11/14,70
Facility/Infrastructure Attack,2021/12/14,44
Facility/Infrastructure Attack,2021/1/15,94
Facility/Infrastructure Attack,2021/2/15,55
Facility/Infrastructure Attack,2021/3/15,41
Facility/Infrastructure Attack,2021/4/15,48
Facility/Infrastructure Attack,2021/5/15,45
Facility/Infrastructure Attack,2021/6/15,41
Facility/Infrastructure Attack,2021/7/15,42
Facility/Infrastructure Attack,2021/8/15,79
Facility/Infrastructure Attack,2021/9/15,69
Facility/Infrastructure Attack,2021/10/15,66
Facility/Infrastructure Attack,2021/11/15,60
Facility/Infrastructure Attack,2021/12/15,65
Facility/Infrastructure Attack,2021/1/16,99
Facility/Infrastructure Attack,2021/2/16,61
Facility/Infrastructure Attack,2021/3/16,42
Facility/Infrastructure Attack,2021/4/16,47
Facility/Infrastructure Attack,2021/5/16,36
Facility/Infrastructure Attack,2021/6/16,60
Facility/Infrastructure Attack,2021/7/16,57
Facility/Infrastructure Attack,2021/8/16,41
Facility/Infrastructure Attack,2021/9/16,56
Facility/Infrastructure Attack,2021/10/16,61
Facility/Infrastructure Attack,2021/11/16,101
Facility/Infrastructure Attack,2021/12/16,35
Facility/Infrastructure Attack,2021/1/17,44
Facility/Infrastructure Attack,2021/2/17,49
Facility/Infrastructure Attack,2021/3/17,81
Facility/Infrastructure Attack,2021/4/17,57
Facility/Infrastructure Attack,2021/5/17,91
Facility/Infrastructure Attack,2021/6/17,88
Facility/Infrastructure Attack,2021/7/17,103
Facility/Infrastructure Attack,2021/8/17,52
Facility/Infrastructure Attack,2021/9/17,54
Facility/Infrastructure Attack,2021/10/17,66
Facility/Infrastructure Attack,2021/11/17,29
Facility/Infrastructure Attack,2021/12/17,37
Hijacking,1997/1/1,1
Hijacking,1997/2/1,2
Hijacking,1997/3/1,1
Hijacking,1997/4/1,2
Hijacking,1997/6/1,5
Hijacking,1997/7/1,1
Hijacking,1997/9/1,1
Hijacking,1997/10/1,1
Hijacking,1997/11/1,1
Hijacking,1997/12/1,1
Hijacking,1998/8/1,2
Hijacking,1998/10/1,1
Hijacking,1999/3/1,3
Hijacking,1999/4/1,1
Hijacking,1999/10/1,1
Hijacking,1999/12/1,1
Hijacking,2000/1/1,1
Hijacking,2000/2/1,1
Hijacking,2000/9/1,4
Hijacking,2000/10/1,1
Hijacking,2021/1/1,3
Hijacking,2021/3/1,1
Hijacking,2021/4/1,1
Hijacking,2021/7/1,1
Hijacking,2021/8/1,4
Hijacking,2021/9/1,4
Hijacking,2021/1/2,1
Hijacking,2021/2/2,1
Hijacking,2021/5/2,1
Hijacking,2021/6/2,1
Hijacking,2021/9/2,1
Hijacking,2021/11/2,1
Hijacking,2021/2/3,3
Hijacking,2021/8/4,1
Hijacking,2021/2/5,1
Hijacking,2021/12/5,1
Hijacking,2021/2/6,1
Hijacking,2021/4/6,1
Hijacking,2449/4/2,1
Hijacking,2021/1/7,2
Hijacking,2021/3/7,1
Hijacking,2021/4/7,1
Hijacking,2021/5/7,2
Hijacking,2021/6/7,1
Hijacking,2021/3/8,1
Hijacking,2021/4/8,1
Hijacking,2021/5/8,2
Hijacking,2021/7/8,1
Hijacking,2021/8/8,4
Hijacking,2021/10/8,2
Hijacking,2021/11/8,5
Hijacking,2021/1/9,1
Hijacking,2021/2/9,1
Hijacking,2021/3/9,5
Hijacking,2021/4/9,3
Hijacking,2021/5/9,1
Hijacking,2021/6/9,2
Hijacking,2021/7/9,2
Hijacking,2021/9/9,1
Hijacking,2021/10/9,2
Hijacking,2021/11/9,3
Hijacking,2021/12/9,2
Hijacking,2021/2/10,1
Hijacking,2021/3/10,1
Hijacking,2021/4/10,2
Hijacking,2021/5/10,1
Hijacking,2021/7/10,5
Hijacking,2021/9/10,1
Hijacking,2021/11/10,1
Hijacking,2021/12/10,1
Hijacking,2021/1/11,2
Hijacking,2021/3/11,1
Hijacking,2021/5/11,1
Hijacking,2021/6/11,1
Hijacking,2021/7/11,1
Hijacking,2021/8/11,1
Hijacking,2021/11/11,1
Hijacking,2021/12/11,1
Hijacking,2021/1/12,1
Hijacking,2021/6/12,1
Hijacking,2021/8/12,1
Hijacking,2021/10/12,1
Hijacking,2021/11/12,1
Hijacking,2021/2/13,1
Hijacking,2021/3/13,1
Hijacking,2021/4/13,1
Hijacking,2021/5/13,3
Hijacking,2021/6/13,2
Hijacking,2021/7/13,1
Hijacking,2021/9/13,3
Hijacking,2021/11/13,3
Hijacking,2021/12/13,2
Hijacking,2021/1/14,2
Hijacking,2021/2/14,2
Hijacking,2021/3/14,6
Hijacking,2021/4/14,7
Hijacking,2021/5/14,3
Hijacking,2021/6/14,3
Hijacking,2021/7/14,10
Hijacking,2021/8/14,6
Hijacking,2021/9/14,4
Hijacking,2021/10/14,2
Hijacking,2021/11/14,4
Hijacking,2021/1/15,2
Hijacking,2021/2/15,1
Hijacking,2021/3/15,4
Hijacking,2021/4/15,4
Hijacking,2021/5/15,7
Hijacking,2021/6/15,5
Hijacking,2021/7/15,4
Hijacking,2021/8/15,3
Hijacking,2021/9/15,3
Hijacking,2021/10/15,3
Hijacking,2021/11/15,2
Hijacking,2021/12/15,4
Hijacking,2021/3/16,5
Hijacking,2021/4/16,5
Hijacking,2021/5/16,4
Hijacking,2021/6/16,3
Hijacking,2021/7/16,3
Hijacking,2021/8/16,3
Hijacking,2021/9/16,2
Hijacking,2021/10/16,3
Hijacking,2021/11/16,6
Hijacking,2021/12/16,5
Hijacking,2021/1/17,5
Hijacking,2021/2/17,7
Hijacking,2021/3/17,6
Hijacking,2021/4/17,3
Hijacking,2021/5/17,7
Hijacking,2021/6/17,3
Hijacking,2021/7/17,5
Hijacking,2021/8/17,8
Hijacking,2021/9/17,4
Hijacking,2021/10/17,5
Hijacking,2021/11/17,4
Hijacking,2021/12/17,1
Hostage Taking (Barricade),1997/8/1,1
Hostage Taking (Barricade),1997/9/1,2
Hostage Taking (Barricade),1999/2/1,3
Hostage Taking (Barricade),1999/8/1,1
Hostage Taking (Barricade),1999/10/1,1
Hostage Taking (Barricade),1999/11/1,1
Hostage Taking (Barricade),2000/6/1,1
Hostage Taking (Barricade),2000/9/1,1
Hostage Taking (Barricade),2021/4/1,1
Hostage Taking (Barricade),2021/6/1,1
Hostage Taking (Barricade),2021/8/1,1
Hostage Taking (Barricade),2021/11/1,1
Hostage Taking (Barricade),2021/4/2,1
Hostage Taking (Barricade),2021/5/2,1
Hostage Taking (Barricade),2021/8/2,1
Hostage Taking (Barricade),2021/10/2,1
Hostage Taking (Barricade),2021/3/3,1
Hostage Taking (Barricade),2021/4/3,1
Hostage Taking (Barricade),2021/3/4,1
Hostage Taking (Barricade),2021/5/4,1
Hostage Taking (Barricade),2021/9/4,1
Hostage Taking (Barricade),2021/1/6,1
Hostage Taking (Barricade),2021/4/6,4
Hostage Taking (Barricade),2021/11/6,1
Hostage Taking (Barricade),2021/12/6,1
Hostage Taking (Barricade),2021/6/7,1
Hostage Taking (Barricade),2021/11/7,5
Hostage Taking (Barricade),2021/1/8,1
Hostage Taking (Barricade),2021/10/8,1
Hostage Taking (Barricade),2021/11/8,3
Hostage Taking (Barricade),2021/1/9,2
Hostage Taking (Barricade),2021/2/9,1
Hostage Taking (Barricade),2021/6/9,1
Hostage Taking (Barricade),2021/3/10,1
Hostage Taking (Barricade),2021/5/10,3
Hostage Taking (Barricade),2021/9/10,1
Hostage Taking (Barricade),2021/10/10,3
Hostage Taking (Barricade),2021/5/11,1
Hostage Taking (Barricade),2021/11/11,1
Hostage Taking (Barricade),2021/2/12,3
Hostage Taking (Barricade),2021/4/12,1
Hostage Taking (Barricade),2021/5/12,1
Hostage Taking (Barricade),2021/6/12,3
Hostage Taking (Barricade),2021/7/12,5
Hostage Taking (Barricade),2021/8/12,3
Hostage Taking (Barricade),2021/9/12,2
Hostage Taking (Barricade),2021/1/13,1
Hostage Taking (Barricade),2021/2/13,1
Hostage Taking (Barricade),2021/4/13,2
Hostage Taking (Barricade),2021/5/13,6
Hostage Taking (Barricade),2021/6/13,2
Hostage Taking (Barricade),2021/7/13,1
Hostage Taking (Barricade),2021/9/13,2
Hostage Taking (Barricade),2021/10/13,4
Hostage Taking (Barricade),2021/11/13,1
Hostage Taking (Barricade),2021/12/13,6
Hostage Taking (Barricade),2021/1/14,6
Hostage Taking (Barricade),2021/2/14,1
Hostage Taking (Barricade),2021/3/14,5
Hostage Taking (Barricade),2021/4/14,8
Hostage Taking (Barricade),2021/5/14,2
Hostage Taking (Barricade),2021/6/14,7
Hostage Taking (Barricade),2021/7/14,2
Hostage Taking (Barricade),2021/8/14,2
Hostage Taking (Barricade),2021/9/14,3
Hostage Taking (Barricade),2021/10/14,3
Hostage Taking (Barricade),2021/11/14,1
Hostage Taking (Barricade),2021/12/14,6
Hostage Taking (Barricade),2021/1/15,12
Hostage Taking (Barricade),2021/2/15,4
Hostage Taking (Barricade),2021/3/15,8
Hostage Taking (Barricade),2021/4/15,7
Hostage Taking (Barricade),2021/5/15,7
Hostage Taking (Barricade),2021/6/15,7
Hostage Taking (Barricade),2021/7/15,7
Hostage Taking (Barricade),2021/8/15,11
Hostage Taking (Barricade),2021/9/15,4
Hostage Taking (Barricade),2021/10/15,3
Hostage Taking (Barricade),2021/11/15,9
Hostage Taking (Barricade),2021/12/15,3
Hostage Taking (Barricade),2021/1/16,7
Hostage Taking (Barricade),2021/2/16,3
Hostage Taking (Barricade),2021/3/16,2
Hostage Taking (Barricade),2021/4/16,2
Hostage Taking (Barricade),2021/5/16,4
Hostage Taking (Barricade),2021/6/16,7
Hostage Taking (Barricade),2021/7/16,10
Hostage Taking (Barricade),2021/8/16,6
Hostage Taking (Barricade),2021/9/16,2
Hostage Taking (Barricade),2021/10/16,5
Hostage Taking (Barricade),2021/11/16,8
Hostage Taking (Barricade),2021/12/16,5
Hostage Taking (Barricade),2021/1/17,6
Hostage Taking (Barricade),2021/2/17,8
Hostage Taking (Barricade),2021/3/17,9
Hostage Taking (Barricade),2021/4/17,2
Hostage Taking (Barricade),2021/5/17,12
Hostage Taking (Barricade),2021/6/17,8
Hostage Taking (Barricade),2021/7/17,9
Hostage Taking (Barricade),2021/8/17,6
Hostage Taking (Barricade),2021/9/17,7
Hostage Taking (Barricade),2021/10/17,6
Hostage Taking (Barricade),2021/11/17,5
Hostage Taking (Barricade),2021/12/17,4
Hostage Taking (Kidnapping),1997/1/1,14
Hostage Taking (Kidnapping),1997/2/1,20
Hostage Taking (Kidnapping),1997/3/1,31
Hostage Taking (Kidnapping),1997/4/1,7
Hostage Taking (Kidnapping),1997/5/1,21
Hostage Taking (Kidnapping),1997/6/1,32
Hostage Taking (Kidnapping),1997/7/1,34
Hostage Taking (Kidnapping),1997/8/1,59
Hostage Taking (Kidnapping),1997/9/1,21
Hostage Taking (Kidnapping),1997/10/1,17
Hostage Taking (Kidnapping),1997/11/1,19
Hostage Taking (Kidnapping),1997/12/1,24
Hostage Taking (Kidnapping),1998/2/1,4
Hostage Taking (Kidnapping),1998/3/1,3
Hostage Taking (Kidnapping),1998/4/1,2
Hostage Taking (Kidnapping),1998/5/1,3
Hostage Taking (Kidnapping),1998/6/1,1
Hostage Taking (Kidnapping),1998/7/1,4
Hostage Taking (Kidnapping),1998/8/1,9
Hostage Taking (Kidnapping),1998/9/1,4
Hostage Taking (Kidnapping),1998/10/1,7
Hostage Taking (Kidnapping),1998/11/1,3
Hostage Taking (Kidnapping),1998/12/1,3
Hostage Taking (Kidnapping),1999/1/1,9
Hostage Taking (Kidnapping),1999/2/1,12
Hostage Taking (Kidnapping),1999/3/1,15
Hostage Taking (Kidnapping),1999/4/1,5
Hostage Taking (Kidnapping),1999/5/1,9
Hostage Taking (Kidnapping),1999/6/1,14
Hostage Taking (Kidnapping),1999/7/1,10
Hostage Taking (Kidnapping),1999/8/1,13
Hostage Taking (Kidnapping),1999/9/1,8
Hostage Taking (Kidnapping),1999/10/1,8
Hostage Taking (Kidnapping),1999/11/1,8
Hostage Taking (Kidnapping),1999/12/1,3
Hostage Taking (Kidnapping),2000/1/1,12
Hostage Taking (Kidnapping),2000/2/1,6
Hostage Taking (Kidnapping),2000/3/1,7
Hostage Taking (Kidnapping),2000/4/1,14
Hostage Taking (Kidnapping),2000/5/1,10
Hostage Taking (Kidnapping),2000/6/1,11
Hostage Taking (Kidnapping),2000/7/1,15
Hostage Taking (Kidnapping),2000/8/1,10
Hostage Taking (Kidnapping),2000/9/1,11
Hostage Taking (Kidnapping),2000/10/1,10
Hostage Taking (Kidnapping),2000/11/1,13
Hostage Taking (Kidnapping),2000/12/1,6
Hostage Taking (Kidnapping),2021/1/1,11
Hostage Taking (Kidnapping),2021/2/1,10
Hostage Taking (Kidnapping),2021/3/1,10
Hostage Taking (Kidnapping),2021/4/1,4
Hostage Taking (Kidnapping),2021/5/1,7
Hostage Taking (Kidnapping),2021/6/1,7
Hostage Taking (Kidnapping),2021/7/1,10
Hostage Taking (Kidnapping),2021/8/1,47
Hostage Taking (Kidnapping),2021/9/1,7
Hostage Taking (Kidnapping),2021/10/1,7
Hostage Taking (Kidnapping),2021/11/1,17
Hostage Taking (Kidnapping),2021/12/1,8
Hostage Taking (Kidnapping),2021/1/2,6
Hostage Taking (Kidnapping),2021/2/2,5
Hostage Taking (Kidnapping),2021/3/2,5
Hostage Taking (Kidnapping),2021/4/2,12
Hostage Taking (Kidnapping),2021/5/2,15
Hostage Taking (Kidnapping),2021/6/2,9
Hostage Taking (Kidnapping),2021/7/2,2
Hostage Taking (Kidnapping),2021/8/2,11
Hostage Taking (Kidnapping),2021/9/2,8
Hostage Taking (Kidnapping),2021/10/2,3
Hostage Taking (Kidnapping),2021/11/2,3
Hostage Taking (Kidnapping),2021/1/3,8
Hostage Taking (Kidnapping),2021/2/3,4
Hostage Taking (Kidnapping),2021/3/3,6
Hostage Taking (Kidnapping),2021/4/3,6
Hostage Taking (Kidnapping),2021/5/3,3
Hostage Taking (Kidnapping),2021/6/3,3
Hostage Taking (Kidnapping),2021/7/3,4
Hostage Taking (Kidnapping),2021/8/3,2
Hostage Taking (Kidnapping),2021/9/3,2
Hostage Taking (Kidnapping),2021/10/3,6
Hostage Taking (Kidnapping),2021/11/3,2
Hostage Taking (Kidnapping),2021/1/4,2
Hostage Taking (Kidnapping),2021/3/4,2
Hostage Taking (Kidnapping),2021/4/4,16
Hostage Taking (Kidnapping),2021/5/4,3
Hostage Taking (Kidnapping),2021/6/4,4
Hostage Taking (Kidnapping),2021/7/4,12
Hostage Taking (Kidnapping),2021/8/4,8
Hostage Taking (Kidnapping),2021/9/4,8
Hostage Taking (Kidnapping),2021/10/4,11
Hostage Taking (Kidnapping),2021/11/4,5
Hostage Taking (Kidnapping),2021/12/4,6
Hostage Taking (Kidnapping),2021/1/5,10
Hostage Taking (Kidnapping),2021/2/5,3
Hostage Taking (Kidnapping),2021/3/5,10
Hostage Taking (Kidnapping),2021/4/5,11
Hostage Taking (Kidnapping),2021/5/5,16
Hostage Taking (Kidnapping),2021/6/5,6
Hostage Taking (Kidnapping),2021/7/5,16
Hostage Taking (Kidnapping),2021/8/5,20
Hostage Taking (Kidnapping),2021/9/5,4
Hostage Taking (Kidnapping),2021/10/5,11
Hostage Taking (Kidnapping),2021/11/5,3
Hostage Taking (Kidnapping),2021/12/5,10
Hostage Taking (Kidnapping),2021/1/6,18
Hostage Taking (Kidnapping),2021/2/6,31
Hostage Taking (Kidnapping),2021/3/6,6
Hostage Taking (Kidnapping),2021/4/6,31
Hostage Taking (Kidnapping),2021/5/6,19
Hostage Taking (Kidnapping),2021/6/6,7
Hostage Taking (Kidnapping),2021/7/6,21
Hostage Taking (Kidnapping),2021/8/6,13
Hostage Taking (Kidnapping),2021/9/6,9
Hostage Taking (Kidnapping),2021/10/6,13
Hostage Taking (Kidnapping),2021/11/6,15
Hostage Taking (Kidnapping),2021/12/6,19
Hostage Taking (Kidnapping),2021/1/7,15
Hostage Taking (Kidnapping),2021/2/7,13
Hostage Taking (Kidnapping),2021/3/7,18
Hostage Taking (Kidnapping),2021/4/7,18
Hostage Taking (Kidnapping),2021/5/7,16
Hostage Taking (Kidnapping),2021/6/7,45
Hostage Taking (Kidnapping),2021/7/7,18
Hostage Taking (Kidnapping),2021/8/7,15
Hostage Taking (Kidnapping),2021/9/7,11
Hostage Taking (Kidnapping),2021/10/7,22
Hostage Taking (Kidnapping),2021/11/7,24
Hostage Taking (Kidnapping),2021/12/7,8
Hostage Taking (Kidnapping),2021/1/8,31
Hostage Taking (Kidnapping),2021/2/8,9
Hostage Taking (Kidnapping),2021/3/8,10
Hostage Taking (Kidnapping),2021/4/8,44
Hostage Taking (Kidnapping),2021/5/8,44
Hostage Taking (Kidnapping),2021/6/8,43
Hostage Taking (Kidnapping),2021/7/8,51
Hostage Taking (Kidnapping),2021/8/8,37
Hostage Taking (Kidnapping),2021/9/8,11
Hostage Taking (Kidnapping),2021/10/8,25
Hostage Taking (Kidnapping),2021/11/8,46
Hostage Taking (Kidnapping),2021/12/8,37
Hostage Taking (Kidnapping),2021/1/9,33
Hostage Taking (Kidnapping),2021/2/9,24
Hostage Taking (Kidnapping),2021/3/9,18
Hostage Taking (Kidnapping),2021/4/9,18
Hostage Taking (Kidnapping),2021/5/9,24
Hostage Taking (Kidnapping),2021/6/9,23
Hostage Taking (Kidnapping),2021/7/9,25
Hostage Taking (Kidnapping),2021/8/9,25
Hostage Taking (Kidnapping),2021/9/9,25
Hostage Taking (Kidnapping),2021/10/9,31
Hostage Taking (Kidnapping),2021/11/9,18
Hostage Taking (Kidnapping),2021/12/9,15
Hostage Taking (Kidnapping),2021/1/10,26
Hostage Taking (Kidnapping),2021/2/10,25
Hostage Taking (Kidnapping),2021/3/10,29
Hostage Taking (Kidnapping),2021/4/10,31
Hostage Taking (Kidnapping),2021/5/10,35
Hostage Taking (Kidnapping),2021/6/10,29
Hostage Taking (Kidnapping),2021/7/10,31
Hostage Taking (Kidnapping),2021/8/10,33
Hostage Taking (Kidnapping),2021/9/10,48
Hostage Taking (Kidnapping),2021/10/10,32
Hostage Taking (Kidnapping),2021/11/10,33
Hostage Taking (Kidnapping),2021/12/10,39
Hostage Taking (Kidnapping),2021/1/11,28
Hostage Taking (Kidnapping),2021/2/11,19
Hostage Taking (Kidnapping),2021/3/11,26
Hostage Taking (Kidnapping),2021/4/11,29
Hostage Taking (Kidnapping),2021/5/11,25
Hostage Taking (Kidnapping),2021/6/11,40
Hostage Taking (Kidnapping),2021/7/11,43
Hostage Taking (Kidnapping),2021/8/11,35
Hostage Taking (Kidnapping),2021/9/11,32
Hostage Taking (Kidnapping),2021/10/11,33
Hostage Taking (Kidnapping),2021/11/11,37
Hostage Taking (Kidnapping),2021/12/11,16
Hostage Taking (Kidnapping),2021/1/12,33
Hostage Taking (Kidnapping),2021/2/12,26
Hostage Taking (Kidnapping),2021/3/12,34
Hostage Taking (Kidnapping),2021/4/12,33
Hostage Taking (Kidnapping),2021/5/12,33
Hostage Taking (Kidnapping),2021/6/12,32
Hostage Taking (Kidnapping),2021/7/12,32
Hostage Taking (Kidnapping),2021/8/12,22
Hostage Taking (Kidnapping),2021/9/12,14
Hostage Taking (Kidnapping),2021/10/12,42
Hostage Taking (Kidnapping),2021/11/12,25
Hostage Taking (Kidnapping),2021/12/12,27
Hostage Taking (Kidnapping),2021/1/13,49
Hostage Taking (Kidnapping),2021/2/13,27
Hostage Taking (Kidnapping),2021/3/13,30
Hostage Taking (Kidnapping),2021/4/13,53
Hostage Taking (Kidnapping),2021/5/13,57
Hostage Taking (Kidnapping),2021/6/13,60
Hostage Taking (Kidnapping),2021/7/13,60
Hostage Taking (Kidnapping),2021/8/13,45
Hostage Taking (Kidnapping),2021/9/13,57
Hostage Taking (Kidnapping),2021/10/13,60
Hostage Taking (Kidnapping),2021/11/13,63
Hostage Taking (Kidnapping),2021/12/13,73
Hostage Taking (Kidnapping),2021/1/14,82
Hostage Taking (Kidnapping),2021/2/14,75
Hostage Taking (Kidnapping),2021/3/14,86
Hostage Taking (Kidnapping),2021/4/14,128
Hostage Taking (Kidnapping),2021/5/14,115
Hostage Taking (Kidnapping),2021/6/14,132
Hostage Taking (Kidnapping),2021/7/14,149
Hostage Taking (Kidnapping),2021/8/14,144
Hostage Taking (Kidnapping),2021/9/14,147
Hostage Taking (Kidnapping),2021/10/14,121
Hostage Taking (Kidnapping),2021/11/14,108
Hostage Taking (Kidnapping),2021/12/14,110
Hostage Taking (Kidnapping),2021/1/15,128
Hostage Taking (Kidnapping),2021/2/15,85
Hostage Taking (Kidnapping),2021/3/15,99
Hostage Taking (Kidnapping),2021/4/15,112
Hostage Taking (Kidnapping),2021/5/15,119
Hostage Taking (Kidnapping),2021/6/15,86
Hostage Taking (Kidnapping),2021/7/15,90
Hostage Taking (Kidnapping),2021/8/15,97
Hostage Taking (Kidnapping),2021/9/15,96
Hostage Taking (Kidnapping),2021/10/15,112
Hostage Taking (Kidnapping),2021/11/15,90
Hostage Taking (Kidnapping),2021/12/15,83
Hostage Taking (Kidnapping),2021/1/16,117
Hostage Taking (Kidnapping),2021/2/16,102
Hostage Taking (Kidnapping),2021/3/16,97
Hostage Taking (Kidnapping),2021/4/16,127
Hostage Taking (Kidnapping),2021/5/16,128
Hostage Taking (Kidnapping),2021/6/16,87
Hostage Taking (Kidnapping),2021/7/16,74
Hostage Taking (Kidnapping),2021/8/16,55
Hostage Taking (Kidnapping),2021/9/16,70
Hostage Taking (Kidnapping),2021/10/16,99
Hostage Taking (Kidnapping),2021/11/16,97
Hostage Taking (Kidnapping),2021/12/16,79
Hostage Taking (Kidnapping),2021/1/17,81
Hostage Taking (Kidnapping),2021/2/17,74
Hostage Taking (Kidnapping),2021/3/17,86
Hostage Taking (Kidnapping),2021/4/17,69
Hostage Taking (Kidnapping),2021/5/17,84
Hostage Taking (Kidnapping),2021/6/17,83
Hostage Taking (Kidnapping),2021/7/17,85
Hostage Taking (Kidnapping),2021/8/17,74
Hostage Taking (Kidnapping),2021/9/17,64
Hostage Taking (Kidnapping),2021/10/17,76
Hostage Taking (Kidnapping),2021/11/17,44
Hostage Taking (Kidnapping),2021/12/17,58
Unarmed Assault,1997/1/1,1
Unarmed Assault,1997/2/1,4
Unarmed Assault,1997/3/1,1
Unarmed Assault,1997/4/1,4
Unarmed Assault,1997/5/1,1
Unarmed Assault,1997/6/1,2
Unarmed Assault,1997/7/1,3
Unarmed Assault,1997/8/1,4
Unarmed Assault,1997/9/1,1
Unarmed Assault,1997/11/1,2
Unarmed Assault,1997/12/1,2
Unarmed Assault,1998/2/1,2
Unarmed Assault,1998/3/1,1
Unarmed Assault,1998/4/1,6
Unarmed Assault,1998/5/1,2
Unarmed Assault,1998/11/1,3
Unarmed Assault,1998/12/1,1
Unarmed Assault,1999/1/1,2
Unarmed Assault,1999/2/1,1
Unarmed Assault,1999/5/1,1
Unarmed Assault,1999/6/1,4
Unarmed Assault,1999/7/1,1
Unarmed Assault,1999/8/1,5
Unarmed Assault,1999/10/1,15
Unarmed Assault,1999/11/1,1
Unarmed Assault,1999/12/1,6
Unarmed Assault,2000/1/1,1
Unarmed Assault,2000/2/1,3
Unarmed Assault,2000/3/1,2
Unarmed Assault,2000/4/1,1
Unarmed Assault,2000/5/1,3
Unarmed Assault,2000/6/1,12
Unarmed Assault,2000/7/1,2
Unarmed Assault,2000/9/1,1
Unarmed Assault,2000/11/1,1
Unarmed Assault,2021/2/1,5
Unarmed Assault,2021/3/1,2
Unarmed Assault,2021/8/1,12
Unarmed Assault,2021/9/1,2
Unarmed Assault,2021/10/1,16
Unarmed Assault,2021/11/1,3
Unarmed Assault,2021/12/1,1
Unarmed Assault,2021/2/2,2
Unarmed Assault,2021/3/2,1
Unarmed Assault,2021/4/2,2
Unarmed Assault,2021/5/2,2
Unarmed Assault,2021/7/2,1
Unarmed Assault,2021/8/2,1
Unarmed Assault,2021/12/2,1
Unarmed Assault,2021/1/3,1
Unarmed Assault,2021/2/3,1
Unarmed Assault,2021/3/3,2
Unarmed Assault,2021/6/3,9
Unarmed Assault,2021/10/3,1
Unarmed Assault,2021/11/3,5
Unarmed Assault,2021/12/3,1
Unarmed Assault,2021/2/4,1
Unarmed Assault,2021/3/4,1
Unarmed Assault,2021/5/4,1
Unarmed Assault,2021/9/4,1
Unarmed Assault,2021/3/5,2
Unarmed Assault,2021/5/5,2
Unarmed Assault,2021/6/5,1
Unarmed Assault,2021/9/5,1
Unarmed Assault,2021/1/6,3
Unarmed Assault,2021/3/6,1
Unarmed Assault,2021/4/6,9
Unarmed Assault,2021/6/6,1
Unarmed Assault,2021/11/6,1
Unarmed Assault,2021/3/7,2
Unarmed Assault,2021/6/7,1
Unarmed Assault,2021/8/7,1
Unarmed Assault,2021/11/7,1
Unarmed Assault,2021/12/7,1
Unarmed Assault,2021/3/8,1
Unarmed Assault,2021/4/8,1
Unarmed Assault,2021/5/8,6
Unarmed Assault,2021/6/8,7
Unarmed Assault,2021/7/8,3
Unarmed Assault,2021/8/8,4
Unarmed Assault,2021/10/8,3
Unarmed Assault,2021/11/8,3
Unarmed Assault,2021/12/8,3
Unarmed Assault,2021/1/9,1
Unarmed Assault,2021/2/9,1
Unarmed Assault,2021/3/9,3
Unarmed Assault,2021/4/9,1
Unarmed Assault,2021/5/9,4
Unarmed Assault,2021/6/9,1
Unarmed Assault,2021/7/9,2
Unarmed Assault,2021/8/9,3
Unarmed Assault,2021/9/9,2
Unarmed Assault,2021/10/9,1
Unarmed Assault,2021/4/10,3
Unarmed Assault,2021/5/10,3
Unarmed Assault,2021/6/10,2
Unarmed Assault,2021/7/10,1
Unarmed Assault,2021/8/10,3
Unarmed Assault,2021/9/10,2
Unarmed Assault,2021/10/10,1
Unarmed Assault,2021/11/10,5
Unarmed Assault,2021/12/10,1
Unarmed Assault,2021/1/11,3
Unarmed Assault,2021/2/11,2
Unarmed Assault,2021/3/11,2
Unarmed Assault,2021/4/11,2
Unarmed Assault,2021/5/11,1
Unarmed Assault,2021/6/11,1
Unarmed Assault,2021/7/11,1
Unarmed Assault,2021/9/11,2
Unarmed Assault,2021/10/11,2
Unarmed Assault,2021/11/11,1
Unarmed Assault,2021/12/11,3
Unarmed Assault,2021/1/12,1
Unarmed Assault,2021/2/12,2
Unarmed Assault,2021/3/12,2
Unarmed Assault,2021/4/12,2
Unarmed Assault,2021/5/12,7
Unarmed Assault,2021/6/12,5
Unarmed Assault,2021/7/12,2
Unarmed Assault,2021/8/12,1
Unarmed Assault,2021/9/12,1
Unarmed Assault,2021/10/12,4
Unarmed Assault,2021/11/12,3
Unarmed Assault,2021/1/13,2
Unarmed Assault,2021/3/13,5
Unarmed Assault,2021/4/13,3
Unarmed Assault,2021/5/13,12
Unarmed Assault,2021/6/13,2
Unarmed Assault,2021/7/13,2
Unarmed Assault,2021/8/13,3
Unarmed Assault,2021/9/13,2
Unarmed Assault,2021/10/13,5
Unarmed Assault,2021/11/13,1
Unarmed Assault,2021/12/13,2
Unarmed Assault,2021/1/14,2
Unarmed Assault,2021/2/14,1
Unarmed Assault,2021/3/14,6
Unarmed Assault,2021/4/14,8
Unarmed Assault,2021/5/14,4
Unarmed Assault,2021/6/14,1
Unarmed Assault,2021/7/14,3
Unarmed Assault,2021/8/14,9
Unarmed Assault,2021/9/14,4
Unarmed Assault,2021/10/14,6
Unarmed Assault,2021/11/14,6
Unarmed Assault,2021/12/14,4
Unarmed Assault,2021/1/15,1
Unarmed Assault,2021/2/15,2
Unarmed Assault,2021/3/15,2
Unarmed Assault,2021/4/15,8
Unarmed Assault,2021/5/15,14
Unarmed Assault,2021/6/15,5
Unarmed Assault,2021/7/15,2
Unarmed Assault,2021/8/15,3
Unarmed Assault,2021/9/15,11
Unarmed Assault,2021/10/15,10
Unarmed Assault,2021/11/15,15
Unarmed Assault,2021/12/15,22
Unarmed Assault,2021/1/16,7
Unarmed Assault,2021/2/16,5
Unarmed Assault,2021/3/16,8
Unarmed Assault,2021/4/16,3
Unarmed Assault,2021/5/16,8
Unarmed Assault,2021/6/16,4
Unarmed Assault,2021/7/16,5
Unarmed Assault,2021/8/16,9
Unarmed Assault,2021/9/16,8
Unarmed Assault,2021/10/16,8
Unarmed Assault,2021/11/16,3
Unarmed Assault,2021/12/16,3
Unarmed Assault,2021/1/17,9
Unarmed Assault,2021/2/17,2
Unarmed Assault,2021/3/17,5
Unarmed Assault,2021/4/17,13
Unarmed Assault,2021/5/17,6
Unarmed Assault,2021/6/17,12
Unarmed Assault,2021/7/17,12
Unarmed Assault,2021/8/17,12
Unarmed Assault,2021/9/17,13
Unarmed Assault,2021/10/17,5
Unarmed Assault,2021/11/17,7
Unarmed Assault,2021/12/17,5
Unknown,1997/1/1,24
Unknown,1997/2/1,15
Unknown,1997/3/1,44
Unknown,1997/4/1,24
Unknown,1997/5/1,14
Unknown,1997/6/1,25
Unknown,1997/7/1,32
Unknown,1997/8/1,39
Unknown,1997/9/1,39
Unknown,1997/10/1,26
Unknown,1997/11/1,29
Unknown,1997/12/1,37
Unknown,1998/1/1,3
Unknown,1998/2/1,2
Unknown,1998/4/1,1
Unknown,1998/6/1,1
Unknown,1998/7/1,3
Unknown,1998/8/1,1
Unknown,1998/9/1,4
Unknown,1998/10/1,2
Unknown,1998/11/1,5
Unknown,1998/12/1,1
Unknown,1999/3/1,1
Unknown,1999/4/1,3
Unknown,1999/5/1,1
Unknown,1999/6/1,16
Unknown,1999/7/1,4
Unknown,1999/9/1,4
Unknown,1999/10/1,6
Unknown,1999/11/1,4
Unknown,2000/1/1,3
Unknown,2000/2/1,2
Unknown,2000/4/1,1
Unknown,2000/5/1,4
Unknown,2000/6/1,4
Unknown,2000/7/1,6
Unknown,2000/8/1,2
Unknown,2000/9/1,6
Unknown,2000/10/1,3
Unknown,2000/11/1,3
Unknown,2000/12/1,9
Unknown,2021/1/1,7
Unknown,2021/2/1,4
Unknown,2021/3/1,6
Unknown,2021/4/1,5
Unknown,2021/5/1,2
Unknown,2021/6/1,3
Unknown,2021/7/1,2
Unknown,2021/8/1,7
Unknown,2021/9/1,3
Unknown,2021/10/1,2
Unknown,2021/11/1,3
Unknown,2021/12/1,1
Unknown,2021/2/2,2
Unknown,2021/4/2,3
Unknown,2021/5/2,5
Unknown,2021/6/2,1
Unknown,2021/7/2,2
Unknown,2021/8/2,1
Unknown,2021/9/2,3
Unknown,2021/10/2,2
Unknown,2021/11/2,2
Unknown,2021/12/2,4
Unknown,2021/1/3,3
Unknown,2021/2/3,2
Unknown,2021/4/3,3
Unknown,2021/5/3,9
Unknown,2021/6/3,1
Unknown,2021/7/3,3
Unknown,2021/11/3,6
Unknown,2021/1/4,2
Unknown,2021/2/4,1
Unknown,2021/5/4,5
Unknown,2021/6/4,11
Unknown,2021/7/4,3
Unknown,2021/8/4,3
Unknown,2021/9/4,1
Unknown,2021/1/5,5
Unknown,2021/2/5,6
Unknown,2021/3/5,1
Unknown,2021/4/5,2
Unknown,2021/5/5,4
Unknown,2021/6/5,5
Unknown,2021/7/5,2
Unknown,2021/8/5,1
Unknown,2021/9/5,4
Unknown,2021/10/5,2
Unknown,2021/12/5,6
Unknown,2021/1/6,5
Unknown,2021/2/6,3
Unknown,2021/3/6,1
Unknown,2021/4/6,6
Unknown,2021/5/6,4
Unknown,2021/6/6,6
Unknown,2021/7/6,2
Unknown,2021/8/6,5
Unknown,2021/9/6,3
Unknown,2021/10/6,2
Unknown,2021/11/6,1
Unknown,2021/12/6,1
Unknown,2021/1/7,1
Unknown,2021/2/7,2
Unknown,2021/3/7,5
Unknown,2021/4/7,2
Unknown,2021/5/7,1
Unknown,2021/6/7,1
Unknown,2021/7/7,2
Unknown,2021/9/7,2
Unknown,2021/10/7,1
Unknown,2021/11/7,12
Unknown,2021/12/7,1
Unknown,2021/1/8,9
Unknown,2021/2/8,1
Unknown,2021/3/8,9
Unknown,2021/4/8,13
Unknown,2021/5/8,15
Unknown,2021/6/8,15
Unknown,2021/7/8,5
Unknown,2021/8/8,9
Unknown,2021/9/8,1
Unknown,2021/10/8,6
Unknown,2021/11/8,6
Unknown,2021/12/8,17
Unknown,2021/1/9,14
Unknown,2021/2/9,7
Unknown,2021/3/9,13
Unknown,2021/4/9,15
Unknown,2021/5/9,14
Unknown,2021/6/9,11
Unknown,2021/7/9,26
Unknown,2021/8/9,11
Unknown,2021/9/9,9
Unknown,2021/10/9,10
Unknown,2021/11/9,3
Unknown,2021/12/9,4
Unknown,2021/2/10,10
Unknown,2021/3/10,10
Unknown,2021/4/10,4
Unknown,2021/5/10,16
Unknown,2021/6/10,8
Unknown,2021/7/10,7
Unknown,2021/8/10,8
Unknown,2021/9/10,16
Unknown,2021/10/10,13
Unknown,2021/11/10,12
Unknown,2021/12/10,12
Unknown,2021/1/11,8
Unknown,2021/2/11,4
Unknown,2021/3/11,4
Unknown,2021/4/11,9
Unknown,2021/5/11,12
Unknown,2021/6/11,9
Unknown,2021/7/11,9
Unknown,2021/8/11,9
Unknown,2021/9/11,11
Unknown,2021/10/11,14
Unknown,2021/11/11,20
Unknown,2021/12/11,4
Unknown,2021/1/12,15
Unknown,2021/2/12,14
Unknown,2021/3/12,17
Unknown,2021/4/12,22
Unknown,2021/5/12,24
Unknown,2021/6/12,12
Unknown,2021/7/12,17
Unknown,2021/8/12,16
Unknown,2021/9/12,12
Unknown,2021/10/12,14
Unknown,2021/11/12,10
Unknown,2021/12/12,9
Unknown,2021/1/13,12
Unknown,2021/2/13,8
Unknown,2021/3/13,19
Unknown,2021/4/13,19
Unknown,2021/5/13,18
Unknown,2021/6/13,14
Unknown,2021/7/13,29
Unknown,2021/8/13,21
Unknown,2021/9/13,17
Unknown,2021/10/13,39
Unknown,2021/11/13,27
Unknown,2021/12/13,33
Unknown,2021/1/14,30
Unknown,2021/2/14,46
Unknown,2021/3/14,52
Unknown,2021/4/14,56
Unknown,2021/5/14,65
Unknown,2021/6/14,58
Unknown,2021/7/14,93
Unknown,2021/8/14,66
Unknown,2021/9/14,86
Unknown,2021/10/14,103
Unknown,2021/11/14,68
Unknown,2021/12/14,61
Unknown,2021/1/15,69
Unknown,2021/2/15,61
Unknown,2021/3/15,49
Unknown,2021/4/15,82
Unknown,2021/5/15,64
Unknown,2021/6/15,73
Unknown,2021/7/15,82
Unknown,2021/8/15,88
Unknown,2021/9/15,91
Unknown,2021/10/15,67
Unknown,2021/11/15,97
Unknown,2021/12/15,68
Unknown,2021/1/16,45
Unknown,2021/2/16,66
Unknown,2021/3/16,81
Unknown,2021/4/16,78
Unknown,2021/5/16,108
Unknown,2021/6/16,84
Unknown,2021/7/16,87
Unknown,2021/8/16,74
Unknown,2021/9/16,66
Unknown,2021/10/16,102
Unknown,2021/11/16,65
Unknown,2021/12/16,66
Unknown,2021/1/17,65
Unknown,2021/2/17,54
Unknown,2021/3/17,63
Unknown,2021/4/17,42
Unknown,2021/5/17,93
Unknown,2021/6/17,80
Unknown,2021/7/17,100
Unknown,2021/8/17,80
Unknown,2021/9/17,68
Unknown,2021/10/17,52
Unknown,2021/11/17,66
Unknown,2021/12/17,62
